genre_name,genre_id,characteristic_id
21st century classical,0,174389
432hz,1,174390
8-bit,2,174391
[],3,174392
a cappella,4,174393
abstract,5,174394
abstract beats,6,174395
abstract hip hop,7,174396
abstract idm,8,174397
accordeon,9,174398
accordion,10,174399
acid house,11,174400
acid jazz,12,174401
acid rock,13,174402
acid techno,14,174403
acid trance,15,174404
acousmatic,16,174405
acoustic blues,17,174406
acoustic chill,18,174407
acoustic guitar cover,19,174408
acoustic pop,20,174409
acoustic punk,21,174410
acoustic rock,22,174411
action rock,23,174412
adoracao,24,174413
adoracion,25,174414
adult standards,26,174415
adventista,27,174416
afghan pop,28,174417
afghan traditional,29,174418
african gospel,30,174419
african percussion,31,174420
african reggae,32,174421
african rock,33,174422
african-american classical,34,174423
afrikaans,35,174424
afro dancehall,36,174425
afro house,37,174426
afro psych,38,174427
afro-funk,39,174428
afrobeat,40,174429
afrofuturism,41,174430
afrofuturismo brasileiro,42,174431
afropop,43,174432
afroswing,44,174433
aggrotech,45,174434
alabama indie,46,174435
alabama metal,47,174436
alabama rap,48,174437
alaska indie,49,174438
albanian hip hop,50,174439
albanian pop,51,174440
alberta country,52,174441
alberta hip hop,53,174442
album rock,54,174443
albuquerque indie,55,174444
alternative americana,56,174445
alternative country,57,174446
alternative dance,58,174447
alternative emo,59,174448
alternative hip hop,60,174449
alternative metal,61,174450
alternative pop,62,174451
alternative pop rock,63,174452
alternative r&b,64,174453
alternative rock,65,174454
alternative roots rock,66,174455
amapiano,67,174456
ambeat,68,174457
ambient,69,174458
ambient black metal,70,174459
ambient dub techno,71,174460
ambient folk,72,174461
ambient house,73,174462
ambient idm,74,174463
ambient industrial,75,174464
ambient pop,76,174465
ambient psychill,77,174466
ambient techno,78,174467
ambient trance,79,174468
ambient worship,80,174469
american 21st century classical,81,174470
american choir,82,174471
american classical piano,83,174472
american contemporary classical,84,174473
american early music,85,174474
american folk revival,86,174475
american grindcore,87,174476
american metalcore,88,174477
american modern classical,89,174478
american oi,90,174479
american orchestra,91,174480
american post-rock,92,174481
american primitive,93,174482
american romanticism,94,174483
american shoegaze,95,174484
anadolu rock,96,174485
anarcho-punk,97,174486
anglican liturgy,98,174487
animal singing,99,174488
anime,100,174489
anime latino,101,174490
anime rock,102,174491
anime score,103,174492
ann arbor indie,104,174493
anthem emo,105,174494
anthem worship,106,174495
anti-folk,107,174496
antilliaanse folklore,108,174497
antiviral pop,109,174498
appalachian folk,110,174499
arab alternative,111,174500
arab electronic,112,174501
arab folk,113,174502
arab groove,114,174503
arab pop,115,174504
arabesk,116,174505
arabic hip hop,117,174506
arabic jazz,118,174507
argentine ambient,119,174508
argentine heavy metal,120,174509
argentine hip hop,121,174510
argentine indie,122,174511
argentine metal,123,174512
argentine punk,124,174513
argentine reggae,125,174514
argentine rock,126,174515
argentine telepop,127,174516
arizona punk,128,174517
arkansas country,129,174518
arkansas hip hop,130,174519
armenian folk,131,174520
art pop,132,174521
art punk,133,174522
art rock,134,174523
art song,135,174524
asbury park indie,136,174525
asian american hip hop,137,174526
asmr,138,174527
assyrian pop,139,174528
athens indie,140,174529
atl hip hop,141,174530
atl trap,142,174531
atlanta indie,143,174532
atlanta metal,144,174533
atlanta punk,145,174534
atmosphere,146,174535
atmospheric black metal,147,174536
atmospheric dnb,148,174537
atmospheric post-metal,149,174538
atmospheric post-rock,150,174539
atmospheric sludge,151,174540
auckland indie,152,174541
audiophile vocal,153,174542
aussie emo,154,174543
aussietronica,155,174544
austin americana,156,174545
austin singer-songwriter,157,174546
austindie,158,174547
australian alternative pop,159,174548
australian alternative rock,160,174549
australian ambient,161,174550
australian americana,162,174551
australian black metal,163,174552
australian children's music,164,174553
australian classical,165,174554
australian classical piano,166,174555
australian country,167,174556
australian dance,168,174557
australian electropop,169,174558
australian garage punk,170,174559
australian hip hop,171,174560
australian house,172,174561
australian indie,173,174562
australian indie folk,174,174563
australian indigenous,175,174564
australian metal,176,174565
australian metalcore,177,174566
australian pop,178,174567
australian post-hardcore,179,174568
australian post-punk,180,174569
australian psych,181,174570
australian r&b,182,174571
australian reggae fusion,183,174572
australian rock,184,174573
australian singer-songwriter,185,174574
australian ska,186,174575
australian talent show,187,174576
australian trap,188,174577
australian underground hip hop,189,174578
austrian choir,190,174579
austrian classical piano,191,174580
austrian orchestra,192,174581
austrian punk,193,174582
austrian techno,194,174583
austro-german modernism,195,174584
auteur-compositeur-interprete quebecois,196,174585
autoharp,197,174586
autonomous black metal,198,174587
avant-garde,199,174588
avant-garde jazz,200,174589
avant-garde metal,201,174590
axe,202,174591
azeri traditional,203,174592
azonto,204,174593
azontobeats,205,174594
bachata,206,174595
bachata dominicana,207,174596
background jazz,208,174597
background music,209,174598
background piano,210,174599
baglama,211,174600
bahai,212,174601
bahamian folk,213,174602
bahamian pop,214,174603
baiao,215,174604
bakersfield sound,216,174605
balearic,217,174606
balkan brass,218,174607
balkan classical piano,219,174608
balkan hip hop,220,174609
ballet class,221,174610
ballroom,222,174611
baltic classical,223,174612
baltimore hip hop,224,174613
baltimore indie,225,174614
banda,226,174615
banda caliente,227,174616
banda carnavalera,228,174617
bandinhas,229,174618
bandolim,230,174619
bandoneon,231,174620
bangla,232,174621
banjo,233,174622
bansuri,234,174623
barbadian pop,235,174624
barbershop,236,174625
bard,237,174626
bardcore,238,174627
barnemusikk,239,174628
barnmusik,240,174629
barnsagor,241,174630
barockinterpreten,242,174631
baroque,243,174632
baroque brass,244,174633
baroque cello,245,174634
baroque ensemble,246,174635
baroque pop,247,174636
baroque singing,248,174637
baroque violin,249,174638
barrelhouse piano,250,174639
bass house,251,174640
bass music,252,174641
bass trap,253,174642
basshall,254,174643
bassline,255,174644
bath indie,256,174645
batida,257,174646
baton rouge rap,258,174647
battle rap,259,174648
bay area hip hop,260,174649
bay area indie,261,174650
bboy,262,174651
bc underground hip hop,263,174652
beach music,264,174653
beat italiano,265,174654
beat poetry,266,174655
beatboxing,267,174656
beatlesque,268,174657
beats,269,174658
bebop,270,174659
bedroom pop,271,174660
bedroom soul,272,174661
belarusian electronic,273,174662
belarusian indie,274,174663
belarusian pop,275,174664
belgian classical piano,276,174665
belgian contemporary classical,277,174666
belgian dance,278,174667
belgian edm,279,174668
belgian indie,280,174669
belgian indie rock,281,174670
belgian jazz,282,174671
belgian metal,283,174672
belgian new wave,284,174673
belgian pop,285,174674
belgian rock,286,174675
belgian singer-songwriter,287,174676
belgian techno,288,174677
belly dance,289,174678
belo horizonte indie,290,174679
bengali folk,291,174680
beninese pop,292,174681
bergen indie,293,174682
berlin minimal techno,294,174683
berlin school,295,174684
bhajan,296,174685
bhangra,297,174686
bible,298,174687
big band,299,174688
big beat,300,174689
big room,301,174690
binaural,302,174691
birmingham grime,303,174692
birmingham hip hop,304,174693
birmingham metal,305,174694
bitpop,306,174695
black 'n' roll,307,174696
black comedy,308,174697
black metal,309,174698
black punk,310,174699
black sludge,311,174700
black thrash,312,174701
blackened crust,313,174702
blackened deathcore,314,174703
blackgaze,315,174704
blasmusik,316,174705
bleep techno,317,174706
bluegrass,318,174707
bluegrass fiddle,319,174708
bluegrass gospel,320,174709
blues,321,174710
blues latinoamericano,322,174711
blues mexicano,323,174712
blues rock,324,174713
bmore,325,174714
bohemian baroque,326,174715
bolero,327,174716
bolero cubano,328,174717
bolero mexicano,329,174718
bomba y plena,330,174719
boogaloo,331,174720
boogie,332,174721
boogie-woogie,333,174722
boom bap,334,174723
bosnian electronic,335,174724
bossa nova,336,174725
bossa nova jazz,337,174726
boston folk,338,174727
boston hardcore,339,174728
boston hip hop,340,174729
boston indie,341,174730
boston metal,342,174731
boston punk,343,174732
boston rock,344,174733
bounce,345,174734
bouncy house,346,174735
bouzouki,347,174736
bow pop,348,174737
boy band,349,174738
boy pop,350,174739
boy soprano,351,174740
brain waves,352,174741
braindance,353,174742
brass band,354,174743
brass ensemble,355,174744
brass quintet,356,174745
brazilian bass,357,174746
brazilian black metal,358,174747
brazilian boogie,359,174748
brazilian classical,360,174749
brazilian classical piano,361,174750
brazilian contemporary classical,362,174751
brazilian doom metal,363,174752
brazilian edm,364,174753
brazilian gospel,365,174754
brazilian grindcore,366,174755
brazilian groove metal,367,174756
brazilian hip hop,368,174757
brazilian indie,369,174758
brazilian jazz,370,174759
brazilian metal,371,174760
brazilian percussion,372,174761
brazilian punk,373,174762
brazilian reggae,374,174763
brazilian rock,375,174764
brazilian ska,376,174765
brazilian soul,377,174766
brazilian tech house,378,174767
brazilian techno,379,174768
brazilian thrash metal,380,174769
breakbeat,381,174770
breakcore,382,174771
breaks,383,174772
brighton indie,384,174773
brill building pop,385,174774
bristol electronic,386,174775
bristol indie,387,174776
brit funk,388,174777
british alternative rock,389,174778
british black metal,390,174779
british blues,391,174780
british brass band,392,174781
british children's music,393,174782
british choir,394,174783
british classical piano,395,174784
british comedy,396,174785
british contemporary classical,397,174786
british dance band,398,174787
british death metal,399,174788
british experimental,400,174789
british folk,401,174790
british grindcore,402,174791
british indie rock,403,174792
british industrial,404,174793
british invasion,405,174794
british jazz,406,174795
british modern classical,407,174796
british orchestra,408,174797
british post-rock,409,174798
british power metal,410,174799
british singer-songwriter,411,174800
british soul,412,174801
british soundtrack,413,174802
britpop,414,174803
broadway,415,174804
broken beat,416,174805
bronx hip hop,417,174806
brooklyn drill,418,174807
brooklyn indie,419,174808
brostep,420,174809
brutal death metal,421,174810
brutal deathcore,422,174811
bubble trance,423,174812
bubblegrunge,424,174813
bubblegum dance,425,174814
bubblegum pop,426,174815
buffalo ny indie,427,174816
buffalo ny metal,428,174817
bulgarian electronic,429,174818
bulgarian experimental,430,174819
bulgarian pop,431,174820
burmese traditional,432,174821
bush ballad,433,174822
c-pop,434,174823
c86,435,174824
cabaret,436,174825
cajun,437,174826
calgary indie,438,174827
cali rap,439,174828
calming instrumental,440,174829
calypso,441,174830
cambodian rock,442,174831
cambridge choir,443,174832
cambridgeshire indie,444,174833
canadian americana,445,174834
canadian blues,446,174835
canadian ccm,447,174836
canadian celtic,448,174837
canadian children's music,449,174838
canadian choir,450,174839
canadian classical,451,174840
canadian classical piano,452,174841
canadian comedy,453,174842
canadian contemporary country,454,174843
canadian contemporary r&b,455,174844
canadian country,456,174845
canadian electronic,457,174846
canadian electropop,458,174847
canadian experimental,459,174848
canadian folk,460,174849
canadian hardcore,461,174850
canadian hip hop,462,174851
canadian indie,463,174852
canadian indie folk,464,174853
canadian indigenous,465,174854
canadian latin,466,174855
canadian metal,467,174856
canadian modern jazz,468,174857
canadian pop,469,174858
canadian pop punk,470,174859
canadian post-hardcore,471,174860
canadian post-rock,472,174861
canadian psychedelic,473,174862
canadian punk,474,174863
canadian rock,475,174864
canadian rockabilly,476,174865
canadian singer-songwriter,477,174866
canadian soundtrack,478,174867
cancion infantil mexicana,479,174868
cancion melodica,480,174869
candomble,481,174870
candy pop,482,174871
cantaditas,483,174872
cantautor,484,174873
cante flamenco,485,174874
canterbury scene,486,174875
canto popular uruguayo,487,174876
cantopop,488,174877
canzone d'autore,489,174878
canzone genovese,490,174879
canzone napoletana,491,174880
cape breton folk,492,174881
cape town indie,493,174882
cape verdean folk,494,174883
caracas indie,495,174884
carnatic,496,174885
carnatic instrumental,497,174886
carnatic vocal,498,174887
carnaval,499,174888
cartoon,500,174889
cathedral choir,501,174890
caucasian classical,502,174891
caucasian classical piano,503,174892
ccm,504,174893
cedm,505,174894
cello,506,174895
celtic,507,174896
celtic harp,508,174897
celtic metal,509,174898
celtic punk,510,174899
celtic rock,511,174900
cha-cha-cha,512,174901
chakra,513,174902
chalga,514,174903
chamame,515,174904
chamber choir,516,174905
chamber ensemble,517,174906
chamber folk,518,174907
chamber orchestra,519,174908
chamber pop,520,174909
chamber psych,521,174910
champeta,522,174911
channel islands indie,523,174912
channel pop,524,174913
chanson,525,174914
chanson paillarde,526,174915
chaotic hardcore,527,174916
charanga,528,174917
charango,529,174918
charlotte nc indie,530,174919
charlottesville indie,531,174920
chicago blues,532,174921
chicago drill,533,174922
chicago hardcore,534,174923
chicago house,535,174924
chicago indie,536,174925
chicago pop punk,537,174926
chicago punk,538,174927
chicago rap,539,174928
chicago soul,540,174929
chicano punk,541,174930
chicano rap,542,174931
chicha,543,174932
chihuahua indie,544,174933
children's choir,545,174934
children's folk,546,174935
children's music,547,174936
children's story,548,174937
chilean hardcore,549,174938
chilean indie,550,174939
chilean rock,551,174940
chilena,552,174941
chill groove,553,174942
chill guitar,554,174943
chill lounge,555,174944
chill pop,556,174945
chill r&b,557,174946
chillhop,558,174947
chillstep,559,174948
chillwave,560,174949
chinese audiophile,561,174950
chinese classical,562,174951
chinese classical performance,563,174952
chinese classical piano,564,174953
chinese electropop,565,174954
chinese hip hop,566,174955
chinese idol pop,567,174956
chinese indie,568,174957
chinese indie rock,569,174958
chinese instrumental,570,174959
chinese r&b,571,174960
chinese soundtrack,572,174961
chinese traditional,573,174962
chip hop,574,174963
chiptune,575,174964
chopped and screwed,576,174965
choral,577,174966
choro,578,174967
christchurch indie,579,174968
christelijk,580,174969
christian a cappella,581,174970
christian alternative rock,582,174971
christian hard rock,583,174972
christian hardcore,584,174973
christian hip hop,585,174974
christian indie,586,174975
christian metal,587,174976
christian metalcore,588,174977
christian music,589,174978
christian pop,590,174979
christian power metal,591,174980
christian punk,592,174981
christian relaxative,593,174982
christian rock,594,174983
christian trap,595,174984
christian uplift,596,174985
christmas instrumental,597,174986
christmas product,598,174987
chunchaca,599,174988
chutney,600,174989
cincinnati rap,601,174990
cinematic post-rock,602,174991
circuit,603,174992
circus,604,174993
city pop,605,174994
classic afrobeat,606,174995
classic arab pop,607,174996
classic australian country,608,174997
classic belgian pop,609,174998
classic bhangra,610,174999
classic bollywood,611,175000
classic canadian rock,612,175001
classic cantopop,613,175002
classic city pop,614,175003
classic colombian pop,615,175004
classic country pop,616,175005
classic czech pop,617,175006
classic danish pop,618,175007
classic dubstep,619,175008
classic eurovision,620,175009
classic finnish pop,621,175010
classic french pop,622,175011
classic garage rock,623,175012
classic girl group,624,175013
classic greek pop,625,175014
classic hardstyle,626,175015
classic hungarian pop,627,175016
classic icelandic pop,628,175017
classic indo pop,629,175018
classic iskelma,630,175019
classic israeli pop,631,175020
classic italian folk pop,632,175021
classic italian pop,633,175022
classic j-pop,634,175023
classic j-rock,635,175024
classic japanese jazz,636,175025
classic korean pop,637,175026
classic latvian pop,638,175027
classic luk thung,639,175028
classic mandopop,640,175029
classic norwegian pop,641,175030
classic nz pop,642,175031
classic opm,643,175032
classic pakistani pop,644,175033
classic persian pop,645,175034
classic peruvian pop,646,175035
classic polish pop,647,175036
classic praise,648,175037
classic progressive house,649,175038
classic psychedelic rock,650,175039
classic punjabi pop,651,175040
classic rock,652,175041
classic russian pop,653,175042
classic russian rock,654,175043
classic schlager,655,175044
classic soul,656,175045
classic soundtrack,657,175046
classic swedish pop,658,175047
classic thai pop,659,175048
classic tunisian pop,660,175049
classic turkish pop,661,175050
classic uk pop,662,175051
classic venezuelan pop,663,175052
classical,664,175053
classical accordion,665,175054
classical baritone,666,175055
classical bass,667,175056
classical cello,668,175057
classical clarinet,669,175058
classical contralto,670,175059
classical countertenor,671,175060
classical era,672,175061
classical flute,673,175062
classical guitar,674,175063
classical guitar quartet,675,175064
classical harp,676,175065
classical horn,677,175066
classical mandolin,678,175067
classical mezzo-soprano,679,175068
classical oboe,680,175069
classical organ,681,175070
classical performance,682,175071
classical piano,683,175072
classical piano duo,684,175073
classical piano trio,685,175074
classical saxophone,686,175075
classical soprano,687,175076
classical tenor,688,175077
classical trumpet,689,175078
classify,690,175079
clawhammer banjo,691,175080
clean comedy,692,175081
cleveland metal,693,175082
coco,694,175083
collage pop,695,175084
college a cappella,696,175085
college marching band,697,175086
cologne electronic,698,175087
cologne indie,699,175088
colombian electronic,700,175089
colombian hip hop,701,175090
colombian indie,702,175091
colombian pop,703,175092
colombian rock,704,175093
comedia,705,175094
comedy,706,175095
comedy rap,707,175096
comedy rock,708,175097
comic,709,175098
comic metal,710,175099
commons,711,175100
complextro,712,175101
compositional ambient,713,175102
concert band,714,175103
connecticut hardcore,715,175104
conscious hip hop,716,175105
contemporary choir,717,175106
contemporary classical,718,175107
contemporary classical piano,719,175108
contemporary country,720,175109
contemporary folk,721,175110
contemporary gospel,722,175111
contemporary jazz,723,175112
contemporary post-bop,724,175113
contemporary vocal jazz,725,175114
contrabass,726,175115
cool jazz,727,175116
copla,728,175117
cornish folk,729,175118
cornwall indie,730,175119
corrido,731,175120
corridos tumbados,732,175121
corrosion,733,175122
cosmic american,734,175123
cosmic black metal,735,175124
cosmic post-rock,736,175125
cosmic uplifting trance,737,175126
country,738,175127
country blues,739,175128
country boogie,740,175129
country dawn,741,175130
country gospel,742,175131
country pop,743,175132
country quebecois,744,175133
country rap,745,175134
country road,746,175135
country rock,747,175136
coverchill,748,175137
cowboy western,749,175138
cowpunk,750,175139
crack rock steady,751,175140
croatian electronic,752,175141
croatian folk,753,175142
croatian pop,754,175143
croatian rock,755,175144
crossover prog,756,175145
crossover thrash,757,175146
crunk,758,175147
crust punk,759,175148
cuarteto,760,175149
cuatro venezolano,761,175150
cuban rumba,762,175151
cubaton,763,175152
cumbia,764,175153
cumbia andina mexicana,765,175154
cumbia chilena,766,175155
cumbia colombiana regia,767,175156
cumbia ecuatoriana,768,175157
cumbia funk,769,175158
cumbia lagunera,770,175159
cumbia paraguaya,771,175160
cumbia peruana,772,175161
cumbia ranchera,773,175162
cumbia salvadorena,774,175163
cumbia sonidera,775,175164
cumbia villera,776,175165
cyberpunk,777,175166
cymraeg,778,175167
cypriot pop,779,175168
czech classical,780,175169
czech classical piano,781,175170
czech contemporary classical,782,175171
czech folk,783,175172
czech hip hop,784,175173
czsk hip hop,785,175174
d-beat,786,175175
dabke,787,175176
dakke dak,788,175177
dalarna indie,789,175178
dallas indie,790,175179
dance pop,791,175180
dance rock,792,175181
dance-punk,793,175182
dancehall,794,175183
dangdut,795,175184
danish alternative rock,796,175185
danish classical,797,175186
danish electro,798,175187
danish electronic,799,175188
danish electropop,800,175189
danish experimental,801,175190
danish hip hop,802,175191
danish jazz,803,175192
danish metal,804,175193
danish pop,805,175194
danish pop rock,806,175195
danish post-punk,807,175196
danish rock,808,175197
danish singer-songwriter,809,175198
danish techno,810,175199
dansband,811,175200
danseband,812,175201
dansktop,813,175202
danspunk,814,175203
dark cabaret,815,175204
dark clubbing,816,175205
dark disco,817,175206
dark electro,818,175207
dark hardcore,819,175208
dark jazz,820,175209
dark minimal techno,821,175210
dark post-punk,822,175211
dark progressive house,823,175212
dark psytrance,824,175213
dark techno,825,175214
dark trap,826,175215
dark wave,827,175216
darkstep,828,175217
darksynth,829,175218
dayton indie,830,175219
dc hardcore,831,175220
death 'n' roll,832,175221
death metal,833,175222
deathcore,834,175223
deathgrass,835,175224
deathgrind,836,175225
deathrash,837,175226
deathrock,838,175227
deathstep,839,175228
deep acoustic pop,840,175229
deep adult standards,841,175230
deep big room,842,175231
deep ccm,843,175232
deep chill,844,175233
deep christian rock,845,175234
deep classic garage rock,846,175235
deep comedy,847,175236
deep contemporary country,848,175237
deep dance pop,849,175238
deep darkpsy,850,175239
deep deep house,851,175240
deep deep tech house,852,175241
deep delta blues,853,175242
deep disco,854,175243
deep disco house,855,175244
deep dnb,856,175245
deep dubstep,857,175246
deep east coast hip hop,858,175247
deep euro house,859,175248
deep eurodance,860,175249
deep filthstep,861,175250
deep flow,862,175251
deep free jazz,863,175252
deep freestyle,864,175253
deep full on,865,175254
deep funk,866,175255
deep funk house,867,175256
deep g funk,868,175257
deep german punk,869,175258
deep groove house,870,175259
deep happy hardcore,871,175260
deep hardtechno,872,175261
deep house,873,175262
deep idm,874,175263
deep indian pop,875,175264
deep latin alternative,876,175265
deep latin christian,877,175266
deep latin jazz,878,175267
deep liquid bass,879,175268
deep melodic hard rock,880,175269
deep melodic metalcore,881,175270
deep metalcore,882,175271
deep minimal techno,883,175272
deep motown,884,175273
deep new americana,885,175274
deep new wave,886,175275
deep norteno,887,175276
deep pop edm,888,175277
deep power-pop punk,889,175278
deep progressive house,890,175279
deep progressive trance,891,175280
deep psychobilly,892,175281
deep punk rock,893,175282
deep r&b,894,175283
deep ragga,895,175284
deep regional mexican,896,175285
deep smooth jazz,897,175286
deep soft rock,898,175287
deep soul house,899,175288
deep soundtrack,900,175289
deep southern soul,901,175290
deep southern trap,902,175291
deep talent show,903,175292
deep tech house,904,175293
deep techno,905,175294
deep tropical house,906,175295
deep underground hip hop,907,175296
deep uplifting trance,908,175297
deep vocal house,909,175298
delta blues,910,175299
dembow,911,175300
denpa-kei,912,175301
denton tx indie,913,175302
denver indie,914,175303
depressive black metal,915,175304
derby indie,916,175305
desert blues,917,175306
desi hip hop,918,175307
desi pop,919,175308
destroy techno,920,175309
detroit hip hop,921,175310
detroit house,922,175311
detroit rock,923,175312
detroit techno,924,175313
detroit trap,925,175314
detske pisnicky,926,175315
detskie pesni,927,175316
dfw rap,928,175317
dhrupad,929,175318
didgeridoo,930,175319
digital hardcore,931,175320
dinner jazz,932,175321
dirty south rap,933,175322
dirty texas rap,934,175323
disco,935,175324
disco house,936,175325
disney,937,175326
disney svenska,938,175327
diva house,939,175328
dixieland,940,175329
diy emo,941,175330
djent,942,175331
dmv rap,943,175332
dominican pop,944,175333
dong-yo,945,175334
doo-wop,946,175335
doom metal,947,175336
doomcore,948,175337
dortmund indie,949,175338
double drumming,950,175339
downtempo,951,175340
downtempo bass,952,175341
drama,953,175342
dream pop,954,175343
dream trance,955,175344
dreamgaze,956,175345
dreamo,957,175346
drift,958,175347
drill,959,175348
drill and bass,960,175349
drone,961,175350
drone folk,962,175351
drone metal,963,175352
drum and bass,964,175353
dub,965,175354
dub metal,966,175355
dub poetry,967,175356
dub reggae,968,175357
dub techno,969,175358
dubstep,970,175359
dubstep product,971,175360
dubsteppe,972,175361
duduk,973,175362
duluth indie,974,175363
dunedin indie,975,175364
dunedin sound,976,175365
dungeon synth,977,175366
duranguense,978,175367
dusseldorf electronic,979,175368
dutch americana,980,175369
dutch blues,981,175370
dutch classical piano,982,175371
dutch death metal,983,175372
dutch edm,984,175373
dutch experimental electronic,985,175374
dutch folk,986,175375
dutch hip hop,987,175376
dutch house,988,175377
dutch indie,989,175378
dutch indie rock,990,175379
dutch jazz,991,175380
dutch metal,992,175381
dutch moombahton,993,175382
dutch pop,994,175383
dutch prog,995,175384
dutch rap pop,996,175385
dutch rock,997,175386
dutch tech house,998,175387
dutch trance,999,175388
early american folk,1000,175389
early avant garde,1001,175390
early modern classical,1002,175391
early music,1003,175392
early music choir,1004,175393
early music ensemble,1005,175394
early reggae,1006,175395
early romantic era,1007,175396
early synthpop,1008,175397
early us punk,1009,175398
east coast hip hop,1010,175399
east coast reggae,1011,175400
eastern bloc groove,1012,175401
easy listening,1013,175402
easycore,1014,175403
eau claire indie,1015,175404
ebm,1016,175405
ecm-style jazz,1017,175406
ectofolk,1018,175407
ecuadorian pop,1019,175408
edm,1020,175409
edmonton indie,1021,175410
egyptian pop,1022,175411
egyptian traditional,1023,175412
el paso indie,1024,175413
electra,1025,175414
electric bass,1026,175415
electric blues,1027,175416
electro,1028,175417
electro house,1029,175418
electro jazz,1030,175419
electro latino,1031,175420
electro swing,1032,175421
electro trash,1033,175422
electro-industrial,1034,175423
electroclash,1035,175424
electrofox,1036,175425
electronic djent,1037,175426
electronic rock,1038,175427
electronic trap,1039,175428
electronica,1040,175429
electronica argentina,1041,175430
electronica chilena,1042,175431
electronica venezuela,1043,175432
electronicore,1044,175433
electropop,1045,175434
electropowerpop,1046,175435
elektropunk,1047,175436
elephant 6,1048,175437
emo,1049,175438
emo mexicano,1050,175439
emo punk,1051,175440
emo rap,1052,175441
emocore,1053,175442
english baroque,1054,175443
english indie rock,1055,175444
english renaissance,1056,175445
entehno,1057,175446
environmental,1058,175447
epic doom,1059,175448
epicore,1060,175449
erhu,1061,175450
erotica,1062,175451
escape room,1063,175452
esperanto,1064,175453
estonian hip hop,1065,175454
estonian pop,1066,175455
ethereal wave,1067,175456
etherpop,1068,175457
ethio-jazz,1069,175458
ethiopian pop,1070,175459
ethnomusicology,1071,175460
ethnotronica,1072,175461
eugene indie,1073,175462
euphoric hardstyle,1074,175463
euro hi-nrg,1075,175464
eurobeat,1076,175465
eurodance,1077,175466
europop,1078,175467
euroska,1079,175468
eurovision,1080,175469
exotica,1081,175470
experimental,1082,175471
experimental ambient,1083,175472
experimental dub,1084,175473
experimental folk,1085,175474
experimental guitar,1086,175475
experimental hip hop,1087,175476
experimental house,1088,175477
experimental indie rock,1089,175478
experimental jazz,1090,175479
experimental pop,1091,175480
experimental rock,1092,175481
experimental vocal,1093,175482
fado,1094,175483
fake,1095,175484
family gospel,1096,175485
faroese pop,1097,175486
fast melodic punk,1098,175487
fidget house,1099,175488
filmi,1100,175489
filter house,1101,175490
filthstep,1102,175491
final fantasy,1103,175492
fingerstyle,1104,175493
finnish alternative rock,1105,175494
finnish black metal,1106,175495
finnish classical,1107,175496
finnish contemporary classical,1108,175497
finnish death metal,1109,175498
finnish doom metal,1110,175499
finnish edm,1111,175500
finnish electro,1112,175501
finnish hard rock,1113,175502
finnish melodeath,1114,175503
finnish metal,1115,175504
finnish power metal,1116,175505
finnish soul,1117,175506
firenze indie,1118,175507
flamenco,1119,175508
flamenco fusion,1120,175509
flamenco guitar,1121,175510
flick hop,1122,175511
flint hip hop,1123,175512
float house,1124,175513
florida death metal,1125,175514
florida rap,1126,175515
fo jing,1127,175516
focus,1128,175517
focus beats,1129,175518
focus trance,1130,175519
folclor afrocolombiano,1131,175520
folclor colombiano,1132,175521
folclore extremeno,1133,175522
folclore jujeno,1134,175523
folclore navarra,1135,175524
folclore salteno,1136,175525
folclore tucumano,1137,175526
folk,1138,175527
folk metal,1139,175528
folk punk,1140,175529
folk rock,1141,175530
folk rock italiano,1142,175531
folk-pop,1143,175532
folklore argentino,1144,175533
folklore boliviano,1145,175534
folklore chileno,1146,175535
folklore ecuatoriano,1147,175536
folklore peruano,1148,175537
folklore quebecois,1149,175538
folklore venezolano,1150,175539
folkmusik,1151,175540
folktronica,1152,175541
footwork,1153,175542
forro,1154,175543
forro tradicional,1155,175544
fort worth indie,1156,175545
fourth world,1157,175546
franco-flemish school,1158,175547
francoton,1159,175548
frankfurt electronic,1160,175549
freak folk,1161,175550
freakbeat,1162,175551
free folk,1163,175552
free improvisation,1164,175553
free jazz,1165,175554
freestyle,1166,175555
french baroque,1167,175556
french classical piano,1168,175557
french contemporary classical,1169,175558
french death metal,1170,175559
french hip hop,1171,175560
french indie folk,1172,175561
french indie pop,1173,175562
french indietronica,1174,175563
french jazz,1175,175564
french metal,1176,175565
french movie tunes,1177,175566
french opera,1178,175567
french orchestra,1179,175568
french pop,1180,175569
french post-punk,1181,175570
french punk,1182,175571
french reggae,1183,175572
french rock,1184,175573
french romanticism,1185,175574
french shoegaze,1186,175575
french soundtrack,1187,175576
french synthpop,1188,175577
french tech house,1189,175578
french techno,1190,175579
frenchcore,1191,175580
frevo,1192,175581
full on,1193,175582
funana,1194,175583
funeral doom,1195,175584
funk,1196,175585
funk 150 bpm,1197,175586
funk carioca,1198,175587
funk metal,1199,175588
funk mexicano,1200,175589
funk ostentacao,1201,175590
funk pop,1202,175591
funk rock,1203,175592
funky breaks,1204,175593
funky tech house,1205,175594
future ambient,1206,175595
future bass,1207,175596
future funk,1208,175597
future garage,1209,175598
future house,1210,175599
future rock,1211,175600
futurepop,1212,175601
g funk,1213,175602
gabba,1214,175603
gabonese pop,1215,175604
gaian doom,1216,175605
gainesville indie,1217,175606
gaita zuliana,1218,175607
galante era,1219,175608
gamelan,1220,175609
gaming dubstep,1221,175610
gaming edm,1222,175611
gangster rap,1223,175612
garage house,1224,175613
garage pop,1225,175614
garage psych,1226,175615
garage punk,1227,175616
garage punk blues,1228,175617
garage rock,1229,175618
garage rock revival,1230,175619
gauze pop,1231,175620
gbvfi,1232,175621
geek folk,1233,175622
geek rock,1234,175623
georgian electronic,1235,175624
georgian folk,1236,175625
german alternative rock,1237,175626
german baroque,1238,175627
german black metal,1239,175628
german choir,1240,175629
german classical piano,1241,175630
german country,1242,175631
german dance,1243,175632
german dark minimal techno,1244,175633
german electronica,1245,175634
german grindcore,1246,175635
german hard rock,1247,175636
german heavy metal,1248,175637
german hip hop,1249,175638
german house,1250,175639
german indie,1251,175640
german indie pop,1252,175641
german jazz,1253,175642
german literature,1254,175643
german metal,1255,175644
german metalcore,1256,175645
german oi,1257,175646
german opera,1258,175647
german orchestra,1259,175648
german pop,1260,175649
german pop rock,1261,175650
german post-rock,1262,175651
german power metal,1263,175652
german punk,1264,175653
german punk rock,1265,175654
german renaissance,1266,175655
german rock,1267,175656
german romanticism,1268,175657
german shoegaze,1269,175658
german show tunes,1270,175659
german ska,1271,175660
german soundtrack,1272,175661
german stoner rock,1273,175662
german street punk,1274,175663
german tech house,1275,175664
german techno,1276,175665
german thrash metal,1277,175666
german trance,1278,175667
german underground rap,1279,175668
ghanaian hip hop,1280,175669
ghanaian pop,1281,175670
ghanaian traditional,1282,175671
ghazal,1283,175672
ghent indie,1284,175673
ghettotech,1285,175674
ghoststep,1286,175675
girl group,1287,175676
glam metal,1288,175677
glam punk,1289,175678
glam rock,1290,175679
glee club,1291,175680
glitch,1292,175681
glitch hop,1293,175682
glitch pop,1294,175683
glitchcore,1295,175684
glitter trance,1296,175685
go-go,1297,175686
goa psytrance,1298,175687
goa trance,1299,175688
goregrind,1300,175689
gospel,1301,175690
gospel antigas,1302,175691
gospel blues,1303,175692
gospel italiano,1304,175693
gospel r&b,1305,175694
gospel singers,1306,175695
gospel soul,1307,175696
gothabilly,1308,175697
gothenburg indie,1309,175698
gothenburg metal,1310,175699
gothic alternative,1311,175700
gothic americana,1312,175701
gothic black metal,1313,175702
gothic metal,1314,175703
gothic post-punk,1315,175704
gothic rock,1316,175705
gothic symphonic metal,1317,175706
gqom,1318,175707
grand rapids indie,1319,175708
grave wave,1320,175709
greek black metal,1321,175710
greek clarinet,1322,175711
greek contemporary classical,1323,175712
greek folk,1324,175713
greek guitar,1325,175714
greek hip hop,1326,175715
greek house,1327,175716
greek pop,1328,175717
greek swing,1329,175718
greek techno,1330,175719
greek underground rap,1331,175720
gregorian chant,1332,175721
grime,1333,175722
grindcore,1334,175723
griot,1335,175724
groove metal,1336,175725
groove room,1337,175726
grunge,1338,175727
grunge pop,1339,175728
grupera,1340,175729
gruperas inmortales,1341,175730
guadalajara indie,1342,175731
guam indie,1343,175732
guaracha,1344,175733
guatemalan pop,1345,175734
guidance,1346,175735
guinean pop,1347,175736
guitarra argentina,1348,175737
guitarra clasica,1349,175738
guitarra portuguesa,1350,175739
gujarati garba,1351,175740
guzheng,1352,175741
gymcore,1353,175742
gypsy,1354,175743
gypsy jazz,1355,175744
gypsy punk,1356,175745
haitian dance,1357,175746
haitian traditional,1358,175747
halftime dnb,1359,175748
halifax indie,1360,175749
halloween,1361,175750
hamburg electronic,1362,175751
hamburg hip hop,1363,175752
hamilton on indie,1364,175753
hammered dulcimer,1365,175754
hammond organ,1366,175755
hands up,1367,175756
happy hardcore,1368,175757
hard alternative,1369,175758
hard bass,1370,175759
hard bop,1371,175760
hard dance,1372,175761
hard glam,1373,175762
hard house,1374,175763
hard minimal techno,1375,175764
hard rock,1376,175765
hard rock brasileiro,1377,175766
hard trance,1378,175767
hardcore,1379,175768
hardcore hip hop,1380,175769
hardcore punk,1381,175770
hardcore punk espanol,1382,175771
hardcore techno,1383,175772
hardstyle,1384,175773
hardvapour,1385,175774
harlem hip hop,1386,175775
harlem renaissance,1387,175776
harmonica blues,1388,175777
harmonica jazz,1389,175778
harp,1390,175779
harpsichord,1391,175780
haryanvi pop,1392,175781
hawaiian,1393,175782
hawaiian hip hop,1394,175783
hawaiian indie,1395,175784
healing,1396,175785
heartland rock,1397,175786
hi-nrg,1398,175787
highlife,1399,175788
hindi hip hop,1400,175789
hindi indie,1401,175790
hindustani classical,1402,175791
hindustani instrumental,1403,175792
hindustani vocal,1404,175793
hip hop,1405,175794
hip hop cubano,1406,175795
hip house,1407,175796
hip pop,1408,175797
histoire pour enfants,1409,175798
historic classical performance,1410,175799
historic orchestral performance,1411,175800
historic piano performance,1412,175801
historic string quartet,1413,175802
historical keyboard,1414,175803
historically informed performance,1415,175804
hoerspiel,1416,175805
hokkien pop,1417,175806
hollywood,1418,175807
hong kong indie,1419,175808
hong kong rock,1420,175809
honky tonk,1421,175810
honky-tonk piano,1422,175811
hopebeat,1423,175812
horror punk,1424,175813
horror synth,1425,175814
horrorcore,1426,175815
house,1427,175816
house argentino,1428,175817
houston rap,1429,175818
huapango,1430,175819
huayno,1431,175820
hula,1432,175821
humppa,1433,175822
hungarian choir,1434,175823
hungarian classical performance,1435,175824
hungarian classical piano,1436,175825
hungarian contemporary classical,1437,175826
hungarian edm,1438,175827
hungarian folk,1439,175828
hungarian pop,1440,175829
hungarian rock,1441,175830
hungarian techno,1442,175831
hurdy-gurdy,1443,175832
hyperpop,1444,175833
hyphy,1445,175834
icelandic classical,1446,175835
icelandic experimental,1447,175836
icelandic folk,1448,175837
icelandic indie,1449,175838
icelandic pop,1450,175839
icelandic rock,1451,175840
idaho indie,1452,175841
idol,1453,175842
idol rock,1454,175843
ilahiler,1455,175844
ilocano pop,1456,175845
impressionism,1457,175846
indian classical,1458,175847
indian edm,1459,175848
indian folk,1460,175849
indian fusion,1461,175850
indian indie,1462,175851
indian instrumental,1463,175852
indian jazz,1464,175853
indian rock,1465,175854
indian singer-songwriter,1466,175855
indiana hip hop,1467,175856
indiana indie,1468,175857
indie anthem-folk,1469,175858
indie cafe pop,1470,175859
indie catala,1471,175860
indie dream pop,1472,175861
indie electronica,1473,175862
indie electropop,1474,175863
indie folk,1475,175864
indie fuzzpop,1476,175865
indie game soundtrack,1477,175866
indie garage rock,1478,175867
indie hip hop,1479,175868
indie jazz,1480,175869
indie pop,1481,175870
indie pop rap,1482,175871
indie poptimism,1483,175872
indie psych-pop,1484,175873
indie punk,1485,175874
indie quebecois,1486,175875
indie r&b,1487,175876
indie rock,1488,175877
indie rockism,1489,175878
indie shoegaze,1490,175879
indie singer-songwriter,1491,175880
indie soul,1492,175881
indie surf,1493,175882
indie tabasqueno,1494,175883
indie veneto,1495,175884
indiecoustica,1496,175885
indietronica,1497,175886
indonesian alternative rock,1498,175887
indonesian edm,1499,175888
indonesian folk,1500,175889
indonesian hip hop,1501,175890
indonesian indie,1502,175891
indonesian pop,1503,175892
indonesian r&b,1504,175893
indonesian rock,1505,175894
industrial,1506,175895
industrial black metal,1507,175896
industrial hardcore,1508,175897
industrial hip hop,1509,175898
industrial metal,1510,175899
industrial rock,1511,175900
industrial techno,1512,175901
indy indie,1513,175902
instrumental acoustic guitar,1514,175903
instrumental bluegrass,1515,175904
instrumental funk,1516,175905
instrumental grime,1517,175906
instrumental post-rock,1518,175907
instrumental progressive metal,1519,175908
instrumental rock,1520,175909
instrumental soul,1521,175910
instrumental stoner rock,1522,175911
instrumental surf,1523,175912
intelligent dance music,1524,175913
inuit traditional,1525,175914
iowa indie,1526,175915
irish ballad,1527,175916
irish banjo,1528,175917
irish classical,1529,175918
irish country,1530,175919
irish dance,1531,175920
irish electronic,1532,175921
irish experimental electronic,1533,175922
irish fiddle,1534,175923
irish flute,1535,175924
irish folk,1536,175925
irish hip hop,1537,175926
irish indie,1538,175927
irish pop,1539,175928
irish pub song,1540,175929
irish rock,1541,175930
irish singer-songwriter,1542,175931
irish techno,1543,175932
iskelma,1544,175933
islamic recitation,1545,175934
israeli classical,1546,175935
israeli classical piano,1547,175936
israeli folk,1548,175937
israeli hip hop,1549,175938
israeli mediterranean,1550,175939
israeli pop,1551,175940
israeli rock,1552,175941
israeli singer-songwriter,1553,175942
israeli techno,1554,175943
italian adult pop,1555,175944
italian alternative,1556,175945
italian baritone,1557,175946
italian baroque,1558,175947
italian baroque ensemble,1559,175948
italian bass,1560,175949
italian black metal,1561,175950
italian blues,1562,175951
italian classical guitar,1563,175952
italian classical piano,1564,175953
italian contemporary classical,1565,175954
italian contemporary jazz,1566,175955
italian death metal,1567,175956
italian disco,1568,175957
italian electronica,1569,175958
italian gothic,1570,175959
italian gothic metal,1571,175960
italian hip hop,1572,175961
italian indie pop,1573,175962
italian jazz,1574,175963
italian library music,1575,175964
italian mandolin,1576,175965
italian metal,1577,175966
italian mezzo-soprano,1578,175967
italian modern prog,1579,175968
italian new wave,1580,175969
italian opera,1581,175970
italian orchestra,1582,175971
italian pop,1583,175972
italian pop rock,1584,175973
italian post punk,1585,175974
italian power metal,1586,175975
italian progressive metal,1587,175976
italian progressive rock,1588,175977
italian punk,1589,175978
italian renaissance,1590,175979
italian romanticism,1591,175980
italian ska,1592,175981
italian soprano,1593,175982
italian soundtrack,1594,175983
italian tech house,1595,175984
italian techno,1596,175985
italian tenor,1597,175986
italian trance,1598,175987
italian violin,1599,175988
italo dance,1600,175989
italo house,1601,175990
j-acoustic,1602,175991
j-ambient,1603,175992
j-core,1604,175993
j-dance,1605,175994
j-division,1606,175995
j-idol,1607,175996
j-indie,1608,175997
j-metal,1609,175998
j-pixie,1610,175999
j-pop,1611,176000
j-pop boy group,1612,176001
j-pop girl group,1613,176002
j-poprock,1614,176003
j-punk,1615,176004
j-rap,1616,176005
j-reggae,1617,176006
j-rock,1618,176007
jacksonville indie,1619,176008
jam band,1620,176009
jamgrass,1621,176010
jangle pop,1622,176011
japanese alternative pop,1623,176012
japanese alternative rock,1624,176013
japanese chillhop,1625,176014
japanese classical,1626,176015
japanese classical performance,1627,176016
japanese classical piano,1628,176017
japanese concert band,1629,176018
japanese contemporary classical,1630,176019
japanese dream pop,1631,176020
japanese electronic,1632,176021
japanese electropop,1633,176022
japanese emo,1634,176023
japanese experimental,1635,176024
japanese folk,1636,176025
japanese garage rock,1637,176026
japanese girl punk,1638,176027
japanese heavy metal,1639,176028
japanese house,1640,176029
japanese idm,1641,176030
japanese indie pop,1642,176031
japanese indie rock,1643,176032
japanese instrumental,1644,176033
japanese jazz,1645,176034
japanese jazz fusion,1646,176035
japanese jazztronica,1647,176036
japanese metalcore,1648,176037
japanese new wave,1649,176038
japanese old school hip hop,1650,176039
japanese orchestra,1651,176040
japanese piano,1652,176041
japanese pop punk,1653,176042
japanese post-hardcore,1654,176043
japanese power metal,1655,176044
japanese prog,1656,176045
japanese psychedelic,1657,176046
japanese punk rock,1658,176047
japanese r&b,1659,176048
japanese shoegaze,1660,176049
japanese singer-songwriter,1661,176050
japanese soundtrack,1662,176051
japanese techno,1663,176052
japanese teen pop,1664,176053
japanese traditional,1665,176054
japanese vgm,1666,176055
japanese vocal jazz,1667,176056
japanese vtuber,1668,176057
jawaiian,1669,176058
jazz,1670,176059
jazz accordion,1671,176060
jazz blues,1672,176061
jazz boom bap,1673,176062
jazz brass,1674,176063
jazz chileno,1675,176064
jazz clarinet,1676,176065
jazz colombiano,1677,176066
jazz cubano,1678,176067
jazz double bass,1679,176068
jazz drums,1680,176069
jazz flute,1681,176070
jazz funk,1682,176071
jazz fusion,1683,176072
jazz guitar,1684,176073
jazz harp,1685,176074
jazz metal,1686,176075
jazz mexicano,1687,176076
jazz orchestra,1688,176077
jazz organ,1689,176078
jazz piano,1690,176079
jazz pop,1691,176080
jazz quartet,1692,176081
jazz rap,1693,176082
jazz rock,1694,176083
jazz saxophone,1695,176084
jazz trio,1696,176085
jazz trombone,1697,176086
jazz trumpet,1698,176087
jazz tuba,1699,176088
jazz venezolano,1700,176089
jazz vibraphone,1701,176090
jazz violin,1702,176091
jazztronica,1703,176092
jewish a capella,1704,176093
jewish cantorial,1705,176094
jewish hip hop,1706,176095
jig and reel,1707,176096
jordanian pop,1708,176097
joropo,1709,176098
jovem guarda,1710,176099
judaica,1711,176100
jug band,1712,176101
juju,1713,176102
jump blues,1714,176103
jump up,1715,176104
jumpstyle,1716,176105
jumptek,1717,176106
jungle,1718,176107
k-indie,1719,176108
k-pop,1720,176109
k-pop boy group,1721,176110
k-pop girl group,1722,176111
k-rap,1723,176112
kabarett,1724,176113
kabyle,1725,176114
kaneka,1726,176115
kannada bhava geethe,1727,176116
kansas city hip hop,1728,176117
karadeniz halk muzigi,1729,176118
karaoke,1730,176119
kashmiri pop,1731,176120
kawaii future bass,1732,176121
kawaii metal,1733,176122
kayokyoku,1734,176123
kazakh pop,1735,176124
kc indie,1736,176125
kent indie,1737,176126
kentucky hip hop,1738,176127
kentucky indie,1739,176128
kentucky metal,1740,176129
kentucky mountain folk,1741,176130
kentucky punk,1742,176131
kentucky roots,1743,176132
keroncong,1744,176133
khaleeji iraqi,1745,176134
khmer,1746,176135
kids dance party,1747,176136
kinderchor,1748,176137
kindermusik,1749,176138
kindie rock,1750,176139
kingston on indie,1751,176140
kirtan,1752,176141
kiwi rock,1753,176142
kizomba antigas,1754,176143
kleine hoerspiel,1755,176144
klezmer,1756,176145
knoxville indie,1757,176146
kodomo no ongaku,1758,176147
kolsche karneval,1759,176148
komedi,1760,176149
kompa,1761,176150
kora,1762,176151
korean city pop,1763,176152
korean classical performance,1764,176153
korean classical piano,1765,176154
korean electropop,1766,176155
korean indie rock,1767,176156
korean mask singer,1768,176157
korean ost,1769,176158
korean pop,1770,176159
korean r&b,1771,176160
korean trap,1772,176161
koto,1773,176162
krautrock,1774,176163
kundiman,1775,176164
la indie,1776,176165
la pop,1777,176166
laboratorio,1778,176167
lafayette indie,1779,176168
laiko,1780,176169
lancaster pa indie,1781,176170
late romantic era,1782,176171
latin,1783,176172
latin afrobeat,1784,176173
latin alternative,1785,176174
latin american classical piano,1786,176175
latin arena pop,1787,176176
latin christian,1788,176177
latin classical,1789,176178
latin funk,1790,176179
latin hip hop,1791,176180
latin house,1792,176181
latin jazz,1793,176182
latin metal,1794,176183
latin pop,1795,176184
latin rock,1796,176185
latin ska,1797,176186
latin soundtrack,1798,176187
latin talent show,1799,176188
latin tech house,1800,176189
latin viral pop,1801,176190
latin worship,1802,176191
latino comedy,1803,176192
latintronica,1804,176193
latinx alternative,1805,176194
latvian metal,1806,176195
latvian pop,1807,176196
lds,1808,176197
lds youth,1809,176198
lebanese indie,1810,176199
lebanese pop,1811,176200
leicester indie,1812,176201
levenslied,1813,176202
lexington ky indie,1814,176203
lgbtq+ hip hop,1815,176204
library music,1816,176205
libyan pop,1817,176206
liechtenstein,1818,176207
liedermacher,1819,176208
light music,1820,176209
lilith,1821,176210
liquid funk,1822,176211
lithuanian electronic,1823,176212
lithuanian folk,1824,176213
liverpool indie,1825,176214
livetronica,1826,176215
lldm,1827,176216
lo-fi,1828,176217
lo-fi beats,1829,176218
lo-fi chill,1830,176219
lo-fi cover,1831,176220
lo-fi emo,1832,176221
lo-fi house,1833,176222
lo-fi indie,1834,176223
lo-fi vgm,1835,176224
london rap,1836,176225
louisiana blues,1837,176226
louisiana metal,1838,176227
louisville indie,1839,176228
louisville underground,1840,176229
lounge,1841,176230
lounge house,1842,176231
lovers rock,1843,176232
lullaby,1844,176233
lund indie,1845,176234
lute,1846,176235
macedonian electronic,1847,176236
macedonian folk,1848,176237
macedonian pop,1849,176238
madchester,1850,176239
madrigal,1851,176240
magyar alternative,1852,176241
maine hip hop,1853,176242
maine indie,1854,176243
mainland chinese pop,1855,176244
makossa,1856,176245
malaysian hip hop,1857,176246
malaysian mandopop,1858,176247
malaysian pop,1859,176248
malian blues,1860,176249
mallet,1861,176250
mambo,1862,176251
manchester hip hop,1863,176252
mande pop,1864,176253
mandolin,1865,176254
mandopop,1866,176255
manguebeat,1867,176256
manila sound,1868,176257
manitoba indie,1869,176258
mantra,1870,176259
marathi pop,1871,176260
marathi traditional,1872,176261
marching band,1873,176262
mariachi,1874,176263
mariachi cristiano,1875,176264
marimba orquesta,1876,176265
martial industrial,1877,176266
mashup,1878,176267
math pop,1879,176268
math rock,1880,176269
mathcore,1881,176270
mathgrind,1882,176271
mbalax,1883,176272
medieval,1884,176273
medieval ensemble,1885,176274
medieval folk,1886,176275
medieval rock,1887,176276
meditation,1888,176277
medway sound,1889,176278
melancholia,1890,176279
melbourne bounce,1891,176280
melbourne bounce international,1892,176281
melbourne indie,1893,176282
mellow gold,1894,176283
melodic death metal,1895,176284
melodic deathcore,1896,176285
melodic dubstep,1897,176286
melodic groove metal,1898,176287
melodic hard rock,1899,176288
melodic hardcore,1900,176289
melodic metal,1901,176290
melodic metalcore,1902,176291
melodic rap,1903,176292
melodic techno,1904,176293
melodic thrash,1905,176294
melodipop,1906,176295
meme rap,1907,176296
memphis americana,1908,176297
memphis blues,1909,176298
memphis hip hop,1910,176299
memphis soul,1911,176300
mento,1912,176301
merengue,1913,176302
merengue tipico,1914,176303
merseybeat,1915,176304
messianic praise,1916,176305
metal,1917,176306
metal catala,1918,176307
metal catarinense,1919,176308
metal gotico,1920,176309
metal guitar,1921,176310
metal mineiro,1922,176311
metalcore,1923,176312
metallic hardcore,1924,176313
metropopolis,1925,176314
mexican classic rock,1926,176315
mexican classical,1927,176316
mexican edm,1928,176317
mexican hip hop,1929,176318
mexican indie,1930,176319
mexican metal,1931,176320
mexican pop,1932,176321
mexican pop punk,1933,176322
mexican rock,1934,176323
mexican rock-and-roll,1935,176324
mexican tech house,1936,176325
mexican techno,1937,176326
mexican traditional,1938,176327
miami bass,1939,176328
miami hip hop,1940,176329
miami indie,1941,176330
miami metal,1942,176331
michigan indie,1943,176332
microhouse,1944,176333
microtonal,1945,176334
middle earth,1946,176335
middle eastern traditional,1947,176336
midwest americana,1948,176337
midwest emo,1949,176338
military cadence,1950,176339
military rap,1951,176340
milwaukee indie,1952,176341
mindfulness,1953,176342
minecraft,1954,176343
minimal dub,1955,176344
minimal dubstep,1956,176345
minimal melodic techno,1957,176346
minimal tech house,1958,176347
minimal techno,1959,176348
minimal wave,1960,176349
minimalism,1961,176350
minneapolis indie,1962,176351
minneapolis metal,1963,176352
minneapolis punk,1964,176353
minneapolis sound,1965,176354
minnesota hip hop,1966,176355
mississippi hip hop,1967,176356
mississippi indie,1968,176357
mizrahi,1969,176358
mluvene slovo,1970,176359
mod revival,1971,176360
modern alternative pop,1972,176361
modern alternative rock,1973,176362
modern big band,1974,176363
modern blues,1975,176364
modern blues rock,1976,176365
modern bollywood,1977,176366
modern cello,1978,176367
modern country rock,1979,176368
modern dream pop,1980,176369
modern folk rock,1981,176370
modern funk,1982,176371
modern hard rock,1983,176372
modern indie pop,1984,176373
modern jazz piano,1985,176374
modern jazz trio,1986,176375
modern old-time,1987,176376
modern performance,1988,176377
modern power pop,1989,176378
modern psychedelic folk,1990,176379
modern reggae,1991,176380
modern rock,1992,176381
modern salsa,1993,176382
modern ska punk,1994,176383
modern southern rock,1995,176384
modern string quartet,1996,176385
modern swing,1997,176386
modern uplift,1998,176387
modular synth,1999,176388
modular techno,2000,176389
moldovan pop,2001,176390
mollywood,2002,176391
mongolian hip hop,2003,176392
mongolian pop,2004,176393
monterrey indie,2005,176394
montreal indie,2006,176395
moog,2007,176396
moombahton,2008,176397
moravian folk,2009,176398
morna,2010,176399
moroccan pop,2011,176400
motivation,2012,176401
motown,2013,176402
mountain dulcimer,2014,176403
movie tunes,2015,176404
mpb,2016,176405
mumbai indie,2017,176406
munich electronic,2018,176407
music box,2019,176408
music hall,2020,176409
musica afroperuana,2021,176410
musica alagoana,2022,176411
musica andina,2023,176412
musica andina colombiana,2024,176413
musica andorra,2025,176414
musica antigua,2026,176415
musica aragonesa,2027,176416
musica ayacuchana,2028,176417
musica canaria,2029,176418
musica catalana,2030,176419
musica costarricense,2031,176420
musica costena,2032,176421
musica cristiana guatemalteca,2033,176422
musica de fondo,2034,176423
musica hondurena,2035,176424
musica indigena brasileira,2036,176425
musica infantil,2037,176426
musica jibara,2038,176427
musica juiz-forana,2039,176428
musica llanera,2040,176429
musica nicaraguense,2041,176430
musica para criancas,2042,176431
musica para ninos,2043,176432
musica paraibana,2044,176433
musica pernambucana,2045,176434
musica piemonteisa,2046,176435
musica popular colombiana,2047,176436
musica popular mineira,2048,176437
musica popular paraense,2049,176438
musica potosina,2050,176439
musica prehispanica,2051,176440
musica sarda,2052,176441
musica tradicional cubana,2053,176442
musica tropical guatemalteca,2054,176443
musica valenciana,2055,176444
musica yucateca,2056,176445
musical advocacy,2057,176446
musikkorps,2058,176447
musique ancienne,2059,176448
musique concrete,2060,176449
musique pour enfant quebecois,2061,176450
musique pour enfants,2062,176451
muzica crestina,2063,176452
muzica populara,2064,176453
muziek voor kinderen,2065,176454
muzika l'yeladim,2066,176455
naija worship,2067,176456
nantes indie,2068,176457
narodna muzika,2069,176458
nashville americana,2070,176459
nashville hip hop,2071,176460
nashville indie,2072,176461
nashville singer-songwriter,2073,176462
nashville sound,2074,176463
native american,2075,176464
native american contemporary,2076,176465
native american flute,2077,176466
native american spiritual,2078,176467
navajo,2079,176468
nederlandse hardstyle,2080,176469
nederpop,2081,176470
neo classical metal,2082,176471
neo honky tonk,2083,176472
neo kyma,2084,176473
neo mellow,2085,176474
neo r&b,2086,176475
neo soul,2087,176476
neo-classical,2088,176477
neo-crust,2089,176478
neo-kraut,2090,176479
neo-pagan,2091,176480
neo-progressive,2092,176481
neo-psychedelic,2093,176482
neo-rockabilly,2094,176483
neo-singer-songwriter,2095,176484
neo-synthpop,2096,176485
neo-trad metal,2097,176486
neo-traditional bluegrass,2098,176487
neo-traditional country,2099,176488
neoclassical darkwave,2100,176489
neoclassicism,2101,176490
neofolk,2102,176491
neon pop punk,2103,176492
nepali indie,2104,176493
nepali pop,2105,176494
nerdcore,2106,176495
neue deutsche harte,2107,176496
neue deutsche todeskunst,2108,176497
neue deutsche welle,2109,176498
neurofunk,2110,176499
new age,2111,176500
new age piano,2112,176501
new americana,2113,176502
new beat,2114,176503
new comedy,2115,176504
new england americana,2116,176505
new england emo,2117,176506
new england metal,2118,176507
new french touch,2119,176508
new isolationism,2120,176509
new jack swing,2121,176510
new jersey hardcore,2122,176511
new jersey indie,2123,176512
new jersey punk,2124,176513
new jersey rap,2125,176514
new mexico music,2126,176515
new orleans blues,2127,176516
new orleans funk,2128,176517
new orleans indie,2129,176518
new orleans jazz,2130,176519
new orleans rap,2131,176520
new rave,2132,176521
new romantic,2133,176522
new tribe,2134,176523
new wave,2135,176524
new wave of thrash metal,2136,176525
new wave pop,2137,176526
new weird america,2138,176527
new york death metal,2139,176528
new york drill,2140,176529
new zealand classical,2141,176530
newcastle nsw indie,2142,176531
nigerian hip hop,2143,176532
nigerian pop,2144,176533
nightcore,2145,176534
nightrun,2146,176535
ninja,2147,176536
nintendocore,2148,176537
nisiotika,2149,176538
nl folk,2150,176539
no wave,2151,176540
noise pop,2152,176541
noise punk,2153,176542
noise rock,2154,176543
nordic classical piano,2155,176544
nordic contemporary classical,2156,176545
nordic folk,2157,176546
nordic folk metal,2158,176547
nordic house,2159,176548
nordic orchestra,2160,176549
nordic post-rock,2161,176550
nordic soundtrack,2162,176551
norman ok indie,2163,176552
norsk lovsang,2164,176553
norteno,2165,176554
norteno-sax,2166,176555
north carolina emo,2167,176556
north carolina hip hop,2168,176557
north carolina indie,2169,176558
north carolina metal,2170,176559
north carolina roots,2171,176560
north dakota indie,2172,176561
north east england indie,2173,176562
northern irish indie,2174,176563
northern irish punk,2175,176564
northern soul,2176,176565
northumbrian folk,2177,176566
norwegian black metal,2178,176567
norwegian choir,2179,176568
norwegian classical,2180,176569
norwegian contemporary jazz,2181,176570
norwegian death metal,2182,176571
norwegian experimental,2183,176572
norwegian hip hop,2184,176573
norwegian indie,2185,176574
norwegian jazz,2186,176575
norwegian metal,2187,176576
norwegian pop,2188,176577
norwegian pop rap,2189,176578
norwegian punk rock,2190,176579
norwegian rock,2191,176580
norwegian singer-songwriter,2192,176581
norwegian space disco,2193,176582
nottingham indie,2194,176583
nouvelle chanson francaise,2195,176584
nova canco,2196,176585
nova mpb,2197,176586
nova musica pernambucana,2198,176587
novelty,2199,176588
nu disco,2200,176589
nu gaze,2201,176590
nu jazz,2202,176591
nu metal,2203,176592
nu skool breaks,2204,176593
nu-cumbia,2205,176594
nu-metalcore,2206,176595
nubian traditional,2207,176596
nueva cancion,2208,176597
nueva ola chilena,2209,176598
nueva ola peruana,2210,176599
nuevo flamenco,2211,176600
nuevo folklore mexicano,2212,176601
nuevo regional mexicano,2213,176602
nuevo tango,2214,176603
nursery,2215,176604
nwobhm,2216,176605
nwocr,2217,176606
nwothm,2218,176607
ny roots,2219,176608
nyc pop,2220,176609
nyc rap,2221,176610
nyhc,2222,176611
nz hip hop,2223,176612
nz indie,2224,176613
nz pop,2225,176614
nz reggae,2226,176615
nz singer-songwriter,2227,176616
oakland hip hop,2228,176617
oakland indie,2229,176618
oc indie,2230,176619
oc rap,2231,176620
oceania soundtrack,2232,176621
ohio hip hop,2233,176622
ohio indie,2234,176623
oi,2235,176624
okc indie,2236,176625
okinawan pop,2237,176626
oklahoma country,2238,176627
oktoberfest,2239,176628
old school dancehall,2240,176629
old school hard trance,2241,176630
old school hip hop,2242,176631
old school rap francais,2243,176632
old school thrash,2244,176633
old school uk hip hop,2245,176634
old west,2246,176635
old-time,2247,176636
old-time fiddle,2248,176637
olympia wa indie,2249,176638
omaha indie,2250,176639
one-person band,2251,176640
ontario indie,2252,176641
opera,2253,176642
opera chorus,2254,176643
opera metal,2255,176644
operatic pop,2256,176645
operetta,2257,176646
opm,2258,176647
oratory,2259,176648
orchestra,2260,176649
orchestral performance,2261,176650
organic ambient,2262,176651
organic electronic,2263,176652
organic house,2264,176653
orgcore,2265,176654
oriental classical,2266,176655
orkney and shetland folk,2267,176656
orlando indie,2268,176657
orquesta tipica,2269,176658
orthodox chant,2270,176659
otacore,2271,176660
oth indie,2272,176661
ottawa rap,2273,176662
oud,2274,176663
outer hip hop,2275,176664
outlaw country,2276,176665
outsider,2277,176666
outsider house,2278,176667
oxford choir,2279,176668
oxford indie,2280,176669
p funk,2281,176670
pagan black metal,2282,176671
pagode,2283,176672
pagode baiano,2284,176673
paisley underground,2285,176674
pakistani folk,2286,176675
pakistani hip hop,2287,176676
pakistani indie,2288,176677
pakistani pop,2289,176678
palm desert scene,2290,176679
panamanian pop,2291,176680
panpipe,2292,176681
papuri,2293,176682
parody,2294,176683
partido alto,2295,176684
partyschlager,2296,176685
pei indie,2297,176686
permanent wave,2298,176687
perreo,2299,176688
persian hip hop,2300,176689
persian pop,2301,176690
persian traditional,2302,176691
perth indie,2303,176692
peruvian hip hop,2304,176693
peruvian rock,2305,176694
pet calming,2306,176695
philly indie,2307,176696
philly rap,2308,176697
philly soul,2309,176698
phonk,2310,176699
pianissimo,2311,176700
piano blues,2312,176701
piano cover,2313,176702
piano mpb,2314,176703
piano rock,2315,176704
pibroch,2316,176705
piedmont blues,2317,176706
pinoy hip hop,2318,176707
pinoy indie,2319,176708
pinoy pop punk,2320,176709
pinoy praise,2321,176710
pinoy r&b,2322,176711
pinoy reggae,2323,176712
pinoy rock,2324,176713
pinoy traditional,2325,176714
pinoy trap,2326,176715
pirate,2327,176716
pittsburgh indie,2328,176717
pittsburgh rap,2329,176718
pittsburgh rock,2330,176719
pixie,2331,176720
plunderphonics,2332,176721
poetry,2333,176722
pokemon,2334,176723
polca paraguaya,2335,176724
polish blues,2336,176725
polish classical,2337,176726
polish classical piano,2338,176727
polish contemporary classical,2339,176728
polish jazz,2340,176729
polish pop,2341,176730
polish rock,2342,176731
polish techno,2343,176732
political hip hop,2344,176733
polka,2345,176734
polynesian hip hop,2346,176735
polynesian pop,2347,176736
polyphony,2348,176737
pony,2349,176738
pop,2350,176739
pop ambient,2351,176740
pop argentino,2352,176741
pop chileno,2353,176742
pop dance,2354,176743
pop edm,2355,176744
pop electronico,2356,176745
pop emo,2357,176746
pop flamenco,2358,176747
pop folk,2359,176748
pop house,2360,176749
pop nacional,2361,176750
pop nacional antigas,2362,176751
pop peruano,2363,176752
pop punk,2364,176753
pop quebecois,2365,176754
pop r&b,2366,176755
pop rap,2367,176756
pop reggaeton,2368,176757
pop rock,2369,176758
pop rock brasileiro,2370,176759
pop romantico,2371,176760
pop soul,2372,176761
pop urbaine,2373,176762
pop venezolano,2374,176763
pop violin,2375,176764
popgaze,2376,176765
popping,2377,176766
pops orchestra,2378,176767
popwave,2379,176768
pornogrind,2380,176769
porro,2381,176770
portland hip hop,2382,176771
portland indie,2383,176772
portland punk,2384,176773
portuguese early music,2385,176774
portuguese indie rock,2386,176775
portuguese jazz,2387,176776
post-black metal,2388,176777
post-disco,2389,176778
post-disco soul,2390,176779
post-doom metal,2391,176780
post-grunge,2392,176781
post-hardcore,2393,176782
post-metal,2394,176783
post-minimalism,2395,176784
post-post-hardcore,2396,176785
post-punk,2397,176786
post-punk argentina,2398,176787
post-rock,2399,176788
post-romantic era,2400,176789
post-screamo,2401,176790
post-teen pop,2402,176791
power blues-rock,2403,176792
power metal,2404,176793
power pop,2405,176794
power thrash,2406,176795
power-pop punk,2407,176796
powerviolence,2408,176797
praise,2409,176798
pre-war blues,2410,176799
prepared piano,2411,176800
preschool children's music,2412,176801
prog metal,2413,176802
prog quebec,2414,176803
progressive black metal,2415,176804
progressive bluegrass,2416,176805
progressive breaks,2417,176806
progressive death metal,2418,176807
progressive deathcore,2419,176808
progressive doom,2420,176809
progressive electro house,2421,176810
progressive groove metal,2422,176811
progressive house,2423,176812
progressive jazz fusion,2424,176813
progressive metal,2425,176814
progressive metalcore,2426,176815
progressive post-hardcore,2427,176816
progressive power metal,2428,176817
progressive psytrance,2429,176818
progressive rock,2430,176819
progressive sludge,2431,176820
progressive trance,2432,176821
progressive trance house,2433,176822
progressive uplifting trance,2434,176823
proto-rap,2435,176824
proto-techno,2436,176825
protopunk,2437,176826
psalmen,2438,176827
psicodelia brasileira,2439,176828
psybreaks,2440,176829
psych gaze,2441,176830
psychedelic blues-rock,2442,176831
psychedelic doom,2443,176832
psychedelic folk,2444,176833
psychedelic folk rock,2445,176834
psychedelic hip hop,2446,176835
psychedelic pop,2447,176836
psychedelic punk,2448,176837
psychedelic rock,2449,176838
psychedelic soul,2450,176839
psychedelic trance,2451,176840
psychill,2452,176841
psychobilly,2453,176842
pub rock,2454,176843
puerto rican folk,2455,176844
puerto rican pop,2456,176845
puerto rican rock,2457,176846
punjabi folk,2458,176847
punjabi pop,2459,176848
punk,2460,176849
punk 'n' roll,2461,176850
punk blues,2462,176851
punk catala,2463,176852
punk rock italiano,2464,176853
punk rock mexicano,2465,176854
punk tuga,2466,176855
punta,2467,176856
punta rock,2468,176857
qawwali,2469,176858
quartetto d'archi,2470,176859
quatuor a cordes,2471,176860
quebec death metal,2472,176861
quebec indie,2473,176862
queens hip hop,2474,176863
queer country,2475,176864
queercore,2476,176865
quiet storm,2477,176866
quran,2478,176867
r&b,2479,176868
r&b en espanol,2480,176869
rabindra sangeet,2481,176870
radio symphony,2482,176871
ragtime,2483,176872
rai,2484,176873
ranchera,2485,176874
rap,2486,176875
rap boricua,2487,176876
rap chileno,2488,176877
rap conciencia,2489,176878
rap conscient,2490,176879
rap cristiano,2491,176880
rap dominicano,2492,176881
rap francais,2493,176882
rap inde,2494,176883
rap kreyol,2495,176884
rap latina,2496,176885
rap maroc,2497,176886
rap metal,2498,176887
rap napoletano,2499,176888
rap rock,2500,176889
rap romantico,2501,176890
rap underground mexicano,2502,176891
rare groove,2503,176892
rave,2504,176893
rave funk,2505,176894
rawstyle,2506,176895
re:techno,2507,176896
reading,2508,176897
reading indie,2509,176898
rebel blues,2510,176899
rebetiko,2511,176900
recorder,2512,176901
red dirt,2513,176902
redneck,2514,176903
reggae,2515,176904
reggae cover,2516,176905
reggae en espanol,2517,176906
reggae fusion,2518,176907
reggae maghreb,2519,176908
reggae peruano,2520,176909
reggae rock,2521,176910
reggaeton,2522,176911
reggaeton colombiano,2523,176912
reggaeton cristiano,2524,176913
reggaeton flow,2525,176914
regional mexican,2526,176915
relaxative,2527,176916
remix product,2528,176917
renaissance,2529,176918
rennes indie,2530,176919
retro metal,2531,176920
retro soul,2532,176921
reunion pop,2533,176922
rhode island indie,2534,176923
rhode island rap,2535,176924
rhythm and blues,2536,176925
rhythm game,2537,176926
riddim,2538,176927
riddim dubstep,2539,176928
rif,2540,176929
riot grrrl,2541,176930
ritmo kombina,2542,176931
rkt,2543,176932
rochester mn indie,2544,176933
rochester ny indie,2545,176934
rock,2546,176935
rock alternatif francais,2547,176936
rock alternativo brasileiro,2548,176937
rock andaluz,2549,176938
rock baiano,2550,176939
rock brasiliense,2551,176940
rock catala,2552,176941
rock chapin,2553,176942
rock cristiano,2554,176943
rock drums,2555,176944
rock en espanol,2556,176945
rock gaucho,2557,176946
rock independant francais,2558,176947
rock keyboard,2559,176948
rock nacional,2560,176949
rock nacional brasileiro,2561,176950
rock pernambucano,2562,176951
rock progressif francais,2563,176952
rock steady,2564,176953
rock urbano mexicano,2565,176954
rock uruguayo,2566,176955
rock-and-roll,2567,176956
rockabilly,2568,176957
rockabilly en espanol,2569,176958
roda de samba,2570,176959
romanian classical piano,2571,176960
romanian electronic,2572,176961
romanian folk,2573,176962
romanian pop,2574,176963
romanian rock,2575,176964
romantico,2576,176965
rominimal,2577,176966
roots americana,2578,176967
roots reggae,2579,176968
roots rock,2580,176969
roots worship,2581,176970
rosary,2582,176971
rumba,2583,176972
rumba catalana,2584,176973
rumba congolaise,2585,176974
rune folk,2586,176975
russelater,2587,176976
russian alternative rock,2588,176977
russian ccm,2589,176978
russian chanson,2590,176979
russian choir,2591,176980
russian classical piano,2592,176981
russian contemporary classical,2593,176982
russian dance,2594,176983
russian dance pop,2595,176984
russian dnb,2596,176985
russian edm,2597,176986
russian folk,2598,176987
russian folk rock,2599,176988
russian gangster rap,2600,176989
russian hip hop,2601,176990
russian jazz,2602,176991
russian metal,2603,176992
russian modern classical,2604,176993
russian orchestra,2605,176994
russian pop,2606,176995
russian post-punk,2607,176996
russian power metal,2608,176997
russian punk,2609,176998
russian punk rock,2610,176999
russian rock,2611,177000
russian romanticism,2612,177001
russian ska,2613,177002
russian techno,2614,177003
russian thrash metal,2615,177004
russian trance,2616,177005
rva indie,2617,177006
rwandan traditional,2618,177007
ryukyu ongaku,2619,177008
sacramento hip hop,2620,177009
sacramento indie,2621,177010
sacred steel,2622,177011
sad rap,2623,177012
salsa,2624,177013
salsa choke,2625,177014
salsa colombiana,2626,177015
salsa cristiana,2627,177016
salsa cubana,2628,177017
salsa international,2629,177018
salsa peruana,2630,177019
salsa puertorriquena,2631,177020
salsa venezolana,2632,177021
samba,2633,177022
samba de roda,2634,177023
samba moderno,2635,177024
samba-enredo,2636,177025
samba-jazz,2637,177026
samba-rock,2638,177027
samoan pop,2639,177028
san diego indie,2640,177029
san diego rap,2641,177030
san marcos tx indie,2642,177031
sandalwood,2643,177032
santa fe indie,2644,177033
sarod,2645,177034
saskatchewan indie,2646,177035
saxony metal,2647,177036
scam rap,2648,177037
scandinavian r&b,2649,177038
scandipop,2650,177039
schlager,2651,177040
school choir,2652,177041
school ensemble,2653,177042
schranz,2654,177043
scorecore,2655,177044
scottish americana,2656,177045
scottish electronic,2657,177046
scottish fiddle,2658,177047
scottish folk,2659,177048
scottish indie,2660,177049
scottish indie folk,2661,177050
scottish jazz,2662,177051
scottish metal,2663,177052
scottish new wave,2664,177053
scottish rock,2665,177054
scottish singer-songwriter,2666,177055
scottish techno,2667,177056
scratch,2668,177057
scream rap,2669,177058
screamo,2670,177059
seattle hip hop,2671,177060
seattle indie,2672,177061
seattle metal,2673,177062
second line,2674,177063
sefardi,2675,177064
seiyu,2676,177065
serbian electronic,2677,177066
serbian hip hop,2678,177067
serialism,2679,177068
sertanejo,2680,177069
sertanejo pop,2681,177070
sertanejo tradicional,2682,177071
sertanejo universitario,2683,177072
sesame street,2684,177073
sevdah,2685,177074
shaabi,2686,177075
shabad,2687,177076
shakuhachi,2688,177077
shamanic,2689,177078
shanty,2690,177079
sheffield indie,2691,177080
shibuya-kei,2692,177081
shimmer pop,2693,177082
shimmer psych,2694,177083
shiver pop,2695,177084
shoegaze,2696,177085
shonen,2697,177086
show tunes,2698,177087
shred,2699,177088
shush,2700,177089
sierreno,2701,177090
singaporean electronic,2702,177091
singaporean mandopop,2703,177092
singaporean pop,2704,177093
singaporean singer-songwriter,2705,177094
singer-songwriter,2706,177095
sinhala pop,2707,177096
sinogaze,2708,177097
sitar,2709,177098
ska,2710,177099
ska argentino,2711,177100
ska catala,2712,177101
ska chileno,2713,177102
ska jazz,2714,177103
ska mexicano,2715,177104
ska punk,2716,177105
ska revival,2717,177106
skanska musik,2718,177107
skate punk,2719,177108
skiffle,2720,177109
skramz,2721,177110
sky room,2722,177111
slack-key guitar,2723,177112
slam poetry,2724,177113
slamming deathcore,2725,177114
slavic folk metal,2726,177115
slayer,2727,177116
slc indie,2728,177117
sleaze rock,2729,177118
sleep,2730,177119
slovak electronic,2731,177120
slovak hip hop,2732,177121
slovak pop,2733,177122
slovenian electronic,2734,177123
slovenian metal,2735,177124
slow game,2736,177125
slowcore,2737,177126
sludge metal,2738,177127
small room,2739,177128
smooth jazz,2740,177129
smooth saxophone,2741,177130
smooth soul,2742,177131
soca,2743,177132
socal pop punk,2744,177133
social media pop,2745,177134
soda pop,2746,177135
soft rock,2747,177136
solipsynthm,2748,177137
son cubano,2749,177138
son cubano clasico,2750,177139
sophisti-pop,2751,177140
sotalaulut,2752,177141
soukous,2753,177142
soul,2754,177143
soul blues,2755,177144
soul flow,2756,177145
soul jazz,2757,177146
souldies,2758,177147
sound,2759,177148
sound effects,2760,177149
sound team,2761,177150
soundtrack,2762,177151
south african alternative,2763,177152
south african choral,2764,177153
south african country,2765,177154
south african hip hop,2766,177155
south african house,2767,177156
south african jazz,2768,177157
south african pop,2769,177158
south african pop dance,2770,177159
south african rock,2771,177160
south carolina hip hop,2772,177161
south carolina indie,2773,177162
south dakota indie,2774,177163
southampton indie,2775,177164
southern americana,2776,177165
southern gospel,2777,177166
southern hip hop,2778,177167
southern metal,2779,177168
southern rock,2780,177169
southern soul,2781,177170
southern soul blues,2782,177171
soviet synthpop,2783,177172
sovietwave,2784,177173
spa,2785,177174
space age pop,2786,177175
space ambient,2787,177176
space rock,2788,177177
spacewave,2789,177178
spanish baroque,2790,177179
spanish blues,2791,177180
spanish classical,2792,177181
spanish classical piano,2793,177182
spanish electronic,2794,177183
spanish folk metal,2795,177184
spanish hip hop,2796,177185
spanish indie pop,2797,177186
spanish indie rock,2798,177187
spanish invasion,2799,177188
spanish jazz,2800,177189
spanish metal,2801,177190
spanish modern rock,2802,177191
spanish new wave,2803,177192
spanish pop,2804,177193
spanish pop rock,2805,177194
spanish post-rock,2806,177195
spanish punk,2807,177196
spanish renaissance,2808,177197
spanish rock,2809,177198
spanish rockabilly,2810,177199
spanish synthpop,2811,177200
spanish techno,2812,177201
speed garage,2813,177202
speed metal,2814,177203
speedcore,2815,177204
spiritual hip hop,2816,177205
spiritual jazz,2817,177206
spirituals,2818,177207
spytrack,2819,177208
st louis rap,2820,177209
starogradska,2821,177210
steampunk,2822,177211
steel guitar,2823,177212
steelpan,2824,177213
stomp and flutter,2825,177214
stomp and holler,2826,177215
stomp pop,2827,177216
stoner metal,2828,177217
stoner rock,2829,177218
straight edge,2830,177219
straight-ahead jazz,2831,177220
street band,2832,177221
street punk,2833,177222
street punk espanol,2834,177223
streichquartett,2835,177224
stride,2836,177225
string band,2837,177226
string folk,2838,177227
string orchestra,2839,177228
string quartet,2840,177229
strut,2841,177230
substep,2842,177231
sufi,2843,177232
sufi chant,2844,177233
sungura,2845,177234
sunset lounge,2846,177235
sunshine pop,2847,177236
suomisaundi,2848,177237
supergroup,2849,177238
surf music,2850,177239
surf punk,2851,177240
svensk progg,2852,177241
swamp blues,2853,177242
swamp pop,2854,177243
swamp rock,2855,177244
swancore,2856,177245
swedish alternative rock,2857,177246
swedish americana,2858,177247
swedish black metal,2859,177248
swedish choir,2860,177249
swedish classical,2861,177250
swedish contemporary classical,2862,177251
swedish country,2863,177252
swedish dancehall,2864,177253
swedish death metal,2865,177254
swedish doom metal,2866,177255
swedish electronic,2867,177256
swedish electropop,2868,177257
swedish eurodance,2869,177258
swedish garage rock,2870,177259
swedish hard rock,2871,177260
swedish hardcore,2872,177261
swedish heavy metal,2873,177262
swedish house,2874,177263
swedish idol pop,2875,177264
swedish indie folk,2876,177265
swedish indie pop,2877,177266
swedish indie rock,2878,177267
swedish jazz,2879,177268
swedish jazz orkester,2880,177269
swedish melodic rock,2881,177270
swedish metal,2882,177271
swedish pop,2883,177272
swedish post-hardcore,2884,177273
swedish power metal,2885,177274
swedish prog,2886,177275
swedish progressive metal,2887,177276
swedish punk,2888,177277
swedish rock-and-roll,2889,177278
swedish singer-songwriter,2890,177279
swedish soul,2891,177280
swedish stoner rock,2892,177281
swedish synth,2893,177282
swedish synthpop,2894,177283
swedish techno,2895,177284
swedish tropical house,2896,177285
swing,2897,177286
swing italiano,2898,177287
swing revival,2899,177288
swiss black metal,2900,177289
swiss classical piano,2901,177290
swiss contemporary classical,2902,177291
swiss country,2903,177292
swiss jazz,2904,177293
swiss metal,2905,177294
swiss pop,2906,177295
swiss punk,2907,177296
swiss rock,2908,177297
symphonic black metal,2909,177298
symphonic death metal,2910,177299
symphonic metal,2911,177300
symphonic rock,2912,177301
synth funk,2913,177302
synth punk,2914,177303
synthpop,2915,177304
synthwave,2916,177305
syrian pop,2917,177306
tabla,2918,177307
tagalog rap,2919,177308
tagalog worship,2920,177309
taiwan campus folk,2921,177310
taiwan classical performance,2922,177311
taiwan hip hop,2923,177312
taiwan indie,2924,177313
taiwan pop,2925,177314
taiwan singer-songwriter,2926,177315
tajik pop,2927,177316
talent show,2928,177317
tallava,2929,177318
tamborazo,2930,177319
tamil hip hop,2931,177320
tamil pop,2932,177321
tamil worship,2933,177322
tampa indie,2934,177323
tango,2935,177324
tango cancion,2936,177325
tape club,2937,177326
tavern,2938,177327
tech house,2939,177328
tech trance,2940,177329
technical brutal death metal,2941,177330
technical death metal,2942,177331
technical deathcore,2943,177332
technical grindcore,2944,177333
technical groove metal,2945,177334
technical melodic death metal,2946,177335
technical thrash,2947,177336
techno,2948,177337
techno argentina,2949,177338
techno kayo,2950,177339
tecnobanda,2951,177340
teen pop,2952,177341
tejano,2953,177342
tekk,2954,177343
tekno,2955,177344
tempe indie,2956,177345
tennessee experimental,2957,177346
tennessee hip hop,2958,177347
tex-mex,2959,177348
texas blues,2960,177349
texas country,2961,177350
texas latin rap,2962,177351
texas pop punk,2963,177352
texas punk,2964,177353
thai folk pop,2965,177354
thai folk rock,2966,177355
thai hip hop,2967,177356
thai idol,2968,177357
thai indie,2969,177358
thai indie rock,2970,177359
thai instrumental,2971,177360
thai pop,2972,177361
thai rock,2973,177362
thall,2974,177363
theme,2975,177364
therapy,2976,177365
theremin,2977,177366
thrash core,2978,177367
thrash metal,2979,177368
timba,2980,177369
tin pan alley,2981,177370
tipico,2982,177371
tolkien metal,2983,177372
tollywood,2984,177373
tone,2985,177374
torch song,2986,177375
toronto indie,2987,177376
toronto rap,2988,177377
trad jazz catala,2989,177378
trad quebecois,2990,177379
traditional bluegrass,2991,177380
traditional blues,2992,177381
traditional british folk,2993,177382
traditional country,2994,177383
traditional english folk,2995,177384
traditional folk,2996,177385
traditional irish singing,2997,177386
traditional rockabilly,2998,177387
traditional ska,2999,177388
traditional soul,3000,177389
trance,3001,177390
trance mexicano,3002,177391
trancecore,3003,177392
transpop,3004,177393
trap,3005,177394
trap argentino,3006,177395
trap boricua,3007,177396
trap dominicano,3008,177397
trap funk,3009,177398
trap italiana,3010,177399
trap latino,3011,177400
trap mexicano,3012,177401
trap queen,3013,177402
trap soul,3014,177403
trap triste,3015,177404
trap venezolano,3016,177405
traprun,3017,177406
trash rock,3018,177407
triangle indie,3019,177408
tribal house,3020,177409
trinidadian reggae,3021,177410
trio cubano,3022,177411
trip hop,3023,177412
trival,3024,177413
tropical,3025,177414
tropical house,3026,177415
tropicalia,3027,177416
trova,3028,177417
trova mexicana,3029,177418
truck-driving country,3030,177419
tucson indie,3031,177420
tulsa indie,3032,177421
tunisian pop,3033,177422
turbo folk,3034,177423
turkish classical,3035,177424
turkish classical performance,3036,177425
turkish edm,3037,177426
turkish experimental,3038,177427
turkish folk,3039,177428
turkish jazz,3040,177429
turkish modern jazz,3041,177430
turkish pop,3042,177431
turkish psych,3043,177432
turkish trap,3044,177433
turkish trap pop,3045,177434
turntablism,3046,177435
twee pop,3047,177436
twin cities indie,3048,177437
twoubadou,3049,177438
tzadik,3050,177439
ugandan pop,3051,177440
uilleann pipes,3052,177441
uk alternative hip hop,3053,177442
uk alternative pop,3054,177443
uk americana,3055,177444
uk contemporary r&b,3056,177445
uk dance,3057,177446
uk dancehall,3058,177447
uk dnb,3059,177448
uk doom metal,3060,177449
uk drill,3061,177450
uk dub,3062,177451
uk experimental electronic,3063,177452
uk funky,3064,177453
uk garage,3065,177454
uk hip hop,3066,177455
uk house,3067,177456
uk metalcore,3068,177457
uk noise rock,3069,177458
uk pop,3070,177459
uk pop punk,3071,177460
uk post-hardcore,3072,177461
uk post-punk,3073,177462
uk reggae,3074,177463
uk rockabilly,3075,177464
uk stoner rock,3076,177465
uk tech house,3077,177466
uk worship,3078,177467
uk82,3079,177468
ukhc,3080,177469
ukrainian classical,3081,177470
ukrainian classical piano,3082,177471
ukrainian electronic,3083,177472
ukrainian pop,3084,177473
ukulele,3085,177474
umbanda,3086,177475
underground hip hop,3087,177476
underground power pop,3088,177477
underground rap,3089,177478
university choir,3090,177479
uplifting trance,3091,177480
uptempo hardcore,3092,177481
urban contemporary,3093,177482
urbano espanol,3094,177483
us power metal,3095,177484
utah indie,3096,177485
uzbek pop,3097,177486
uzbek traditional,3098,177487
v-pop,3099,177488
vallenato,3100,177489
vallenato moderno,3101,177490
vancouver indie,3102,177491
vancouver metal,3103,177492
vancouver punk,3104,177493
vapor pop,3105,177494
vapor soul,3106,177495
vapor trap,3107,177496
vapor twitch,3108,177497
vaporwave,3109,177498
variete francaise,3110,177499
vaudeville,3111,177500
vbs,3112,177501
veena,3113,177502
vegan straight edge,3114,177503
vegas indie,3115,177504
velha guarda,3116,177505
venezuelan hip hop,3117,177506
venezuelan indie,3118,177507
venezuelan rock,3119,177508
veracruz indie,3120,177509
vgm instrumental,3121,177510
victorian britain,3122,177511
video game music,3123,177512
vietnamese bolero,3124,177513
vietnamese pop,3125,177514
viking black metal,3126,177515
viking folk,3127,177516
viking metal,3128,177517
villancicos,3129,177518
vintage chanson,3130,177519
vintage chinese pop,3131,177520
vintage classical singing,3132,177521
vintage country folk,3133,177522
vintage french electronic,3134,177523
vintage gospel,3135,177524
vintage hawaiian,3136,177525
vintage hollywood,3137,177526
vintage italian pop,3138,177527
vintage italian soundtrack,3139,177528
vintage jazz,3140,177529
vintage old-time,3141,177530
vintage rockabilly,3142,177531
vintage schlager,3143,177532
vintage spanish pop,3144,177533
vintage swedish pop,3145,177534
vintage swing,3146,177535
vintage tango,3147,177536
viola,3148,177537
violao,3149,177538
violao classico,3150,177539
violin,3151,177540
viral pop,3152,177541
viral rap,3153,177542
viral trap,3154,177543
virgin islands reggae,3155,177544
virginia hip hop,3156,177545
virginia metal,3157,177546
virginia punk,3158,177547
visor,3159,177548
visual kei,3160,177549
vocal ensemble,3161,177550
vocal harmony group,3162,177551
vocal house,3163,177552
vocal jazz,3164,177553
vocal trance,3165,177554
vocaloid,3166,177555
vogue,3167,177556
voidgaze,3168,177557
volksmusik,3169,177558
warm drone,3170,177559
warrington indie,3171,177560
washboard,3172,177561
washington indie,3173,177562
wassoulou,3174,177563
water,3175,177564
wave,3176,177565
welsh folk,3177,177566
welsh indie,3178,177567
welsh metal,3179,177568
welsh rock,3180,177569
west african jazz,3181,177570
west coast rap,3182,177571
west coast reggae,3183,177572
west coast trap,3184,177573
west end,3185,177574
west virginia indie,3186,177575
west virginia metal,3187,177576
western americana,3188,177577
western mass indie,3189,177578
western swing,3190,177579
white noise,3191,177580
wind ensemble,3192,177581
wind quintet,3193,177582
wind symphony,3194,177583
witch house,3195,177584
women's music,3196,177585
wonky,3197,177586
worcester ma indie,3198,177587
workout product,3199,177588
world,3200,177589
world chill,3201,177590
world fusion,3202,177591
world meditation,3203,177592
world worship,3204,177593
worship,3205,177594
wrestling,3206,177595
wu fam,3207,177596
wyoming indie,3208,177597
wyoming roots,3209,177598
xhosa,3210,177599
xtra raw,3211,177600
yacht rock,3212,177601
yaoi,3213,177602
ye ye,3214,177603
yiddish folk,3215,177604
yodeling,3216,177605
yoga,3217,177606
yoik,3218,177607
york indie,3219,177608
yorkshire folk,3220,177609
youth orchestra,3221,177610
yugoslav new wave,3222,177611
yugoslav rock,3223,177612
zambian pop,3224,177613
zen,3225,177614
zhongguo feng,3226,177615
zim urban groove,3227,177616
zolo,3228,177617
zouk,3229,177618
zurich indie,3230,177619
zydeco,3231,177620